{
  "id": [
    "27524974"
  ],
  "source": [
    "MED"
  ],
  "pmid": [
    "27524974"
  ],
  "pmcid": [
    "PMC4965448"
  ],
  "doi": [
    "10.3389/fpsyg.2016.01116"
  ],
  "title": [
    "How Many Words Do We Know? Practical Estimates of Vocabulary Size Dependent on Word Definition, the Degree of Language Input and the Participant's Age."
  ],
  "authorString": [
    "Brysbaert M, Stevens M, Mandera P, Keuleers E."
  ],
  "authorList": [
    {
      "author": [
        {
          "fullName": [
            "Brysbaert M"
          ],
          "firstName": [
            "Marc"
          ],
          "lastName": [
            "Brysbaert"
          ],
          "initials": [
            "M"
          ],
          "affiliation": [
            "Department of Experimental Psychology, Ghent University Ghent, Belgium."
          ]
        },
        {
          "fullName": [
            "Stevens M"
          ],
          "firstName": [
            "Michaël"
          ],
          "lastName": [
            "Stevens"
          ],
          "initials": [
            "M"
          ],
          "affiliation": [
            "Department of Experimental Psychology, Ghent University Ghent, Belgium."
          ]
        },
        {
          "fullName": [
            "Mandera P"
          ],
          "firstName": [
            "Paweł"
          ],
          "lastName": [
            "Mandera"
          ],
          "initials": [
            "P"
          ],
          "affiliation": [
            "Department of Experimental Psychology, Ghent University Ghent, Belgium."
          ]
        },
        {
          "fullName": [
            "Keuleers E"
          ],
          "firstName": [
            "Emmanuel"
          ],
          "lastName": [
            "Keuleers"
          ],
          "initials": [
            "E"
          ],
          "affiliation": [
            "Department of Experimental Psychology, Ghent University Ghent, Belgium."
          ]
        }
      ]
    }
  ],
  "journalInfo": [
    {
      "volume": [
        "7"
      ],
      "journalIssueId": [
        "2374598"
      ],
      "dateOfPublication": [
        "2016"
      ],
      "monthOfPublication": [
        "0"
      ],
      "yearOfPublication": [
        "2016"
      ],
      "printPublicationDate": [
        "2016-01-01"
      ],
      "journal": [
        {
          "title": [
            "Frontiers in psychology"
          ],
          "ISOAbbreviation": [
            "Front Psychol"
          ],
          "medlineAbbreviation": [
            "Front Psychol"
          ],
          "NLMid": [
            "101550902"
          ],
          "ESSN": [
            "1664-1078"
          ]
        }
      ]
    }
  ],
  "pubYear": [
    "2016"
  ],
  "pageInfo": [
    "1116"
  ],
  "abstractText": [
    "Based on an analysis of the literature and a large scale crowdsourcing experiment, we estimate that an average 20-year-old native speaker of American English knows 42,000 lemmas and 4,200 non-transparent multiword expressions, derived from 11,100 word families. The numbers range from 27,000 lemmas for the lowest 5% to 52,000 for the highest 5%. Between the ages of 20 and 60, the average person learns 6,000 extra lemmas or about one new lemma every 2 days. The knowledge of the words can be as shallow as knowing that the word exists. In addition, people learn tens of thousands of inflected forms and proper nouns (names), which account for the substantially high numbers of 'words known' mentioned in other publications."
  ],
  "affiliation": [
    "Department of Experimental Psychology, Ghent University Ghent, Belgium."
  ],
  "language": [
    "eng"
  ],
  "pubModel": [
    "Electronic-eCollection"
  ],
  "pubTypeList": [
    {
      "pubType": [
        "Journal Article"
      ]
    }
  ],
  "keywordList": [
    {
      "keyword": [
        "Reading",
        "Vocabulary Size",
        "Word Knowledge"
      ]
    }
  ],
  "fullTextUrlList": [
    {
      "fullTextUrl": [
        {
          "availability": [
            "Open access"
          ],
          "availabilityCode": [
            "OA"
          ],
          "documentStyle": [
            "pdf"
          ],
          "site": [
            "Europe_PMC"
          ],
          "url": [
            "http://europepmc.org/articles/PMC4965448?pdf=render"
          ]
        },
        {
          "availability": [
            "Open access"
          ],
          "availabilityCode": [
            "OA"
          ],
          "documentStyle": [
            "html"
          ],
          "site": [
            "Europe_PMC"
          ],
          "url": [
            "http://europepmc.org/articles/PMC4965448"
          ]
        },
        {
          "availability": [
            "Subscription required"
          ],
          "availabilityCode": [
            "S"
          ],
          "documentStyle": [
            "doi"
          ],
          "site": [
            "DOI"
          ],
          "url": [
            "http://dx.doi.org/10.3389/fpsyg.2016.01116"
          ]
        }
      ]
    }
  ],
  "isOpenAccess": [
    "Y"
  ],
  "inEPMC": [
    "Y"
  ],
  "inPMC": [
    "N"
  ],
  "hasPDF": [
    "Y"
  ],
  "hasBook": [
    "N"
  ],
  "hasSuppl": [
    "N"
  ],
  "citedByCount": [
    "0"
  ],
  "hasReferences": [
    "Y"
  ],
  "hasTextMinedTerms": [
    "Y"
  ],
  "hasDbCrossReferences": [
    "N"
  ],
  "hasLabsLinks": [
    "Y"
  ],
  "license": [
    "cc by"
  ],
  "epmcAuthMan": [
    "N"
  ],
  "hasTMAccessionNumbers": [
    "N"
  ],
  "dateOfCompletion": [
    "2016-08-15"
  ],
  "dateOfCreation": [
    "2016-08-15"
  ],
  "dateOfRevision": [
    "2016-08-17"
  ],
  "electronicPublicationDate": [
    "2016-07-29"
  ],
  "firstPublicationDate": [
    "2016-07-29"
  ]
}