{
  "id": [
    "26952212"
  ],
  "source": [
    "MED"
  ],
  "pmid": [
    "26952212"
  ],
  "pmcid": [
    "PMC4798954"
  ],
  "doi": [
    "10.7554/elife.12704"
  ],
  "title": [
    "Tracking interspecies transmission and long-term evolution of an ancient retrovirus using the genomes of modern mammals."
  ],
  "authorString": [
    "Diehl WE, Patel N, Halm K, Johnson WE."
  ],
  "authorList": [
    {
      "author": [
        {
          "fullName": [
            "Diehl WE"
          ],
          "firstName": [
            "William E"
          ],
          "lastName": [
            "Diehl"
          ],
          "initials": [
            "WE"
          ],
          "affiliation": [
            "Biology Department, Boston College, Chestnut Hill, United States."
          ]
        },
        {
          "fullName": [
            "Patel N"
          ],
          "firstName": [
            "Nirali"
          ],
          "lastName": [
            "Patel"
          ],
          "initials": [
            "N"
          ],
          "affiliation": [
            "Biology Department, Boston College, Chestnut Hill, United States."
          ]
        },
        {
          "fullName": [
            "Halm K"
          ],
          "firstName": [
            "Kate"
          ],
          "lastName": [
            "Halm"
          ],
          "initials": [
            "K"
          ],
          "affiliation": [
            "Biology Department, Boston College, Chestnut Hill, United States."
          ]
        },
        {
          "fullName": [
            "Johnson WE"
          ],
          "firstName": [
            "Welkin E"
          ],
          "lastName": [
            "Johnson"
          ],
          "initials": [
            "WE"
          ],
          "authorId": [
            {
              "_": "0000-0001-5991-5414",
              "$": {
                "type": "ORCID"
              }
            }
          ],
          "affiliation": [
            "Biology Department, Boston College, Chestnut Hill, United States."
          ]
        }
      ]
    }
  ],
  "authorIdList": [
    {
      "authorId": [
        {
          "_": "0000-0001-5991-5414",
          "$": {
            "type": "ORCID"
          }
        }
      ]
    }
  ],
  "journalInfo": [
    {
      "volume": [
        "5"
      ],
      "journalIssueId": [
        "2381838"
      ],
      "dateOfPublication": [
        "2016 Mar"
      ],
      "monthOfPublication": [
        "3"
      ],
      "yearOfPublication": [
        "2016"
      ],
      "printPublicationDate": [
        "2016-03-01"
      ],
      "journal": [
        {
          "title": [
            "eLife"
          ],
          "ISOAbbreviation": [
            "Elife"
          ],
          "medlineAbbreviation": [
            "Elife"
          ],
          "NLMid": [
            "101579614"
          ],
          "ESSN": [
            "2050-084X"
          ]
        }
      ]
    }
  ],
  "pubYear": [
    "2016"
  ],
  "pageInfo": [
    "e12704"
  ],
  "abstractText": [
    "Mammalian genomes typically contain hundreds of thousands of endogenous retroviruses (ERVs), derived from ancient retroviral infections. Using this molecular 'fossil' record, we reconstructed the natural history of a specific retrovirus lineage (ERV-Fc) that disseminated widely between ~33 and ~15 million years ago, corresponding to the Oligocene and early Miocene epochs. Intercontinental viral spread, numerous instances of interspecies transmission and emergence in hosts representing at least 11 mammalian orders, and a significant role for recombination in diversification of this viral lineage were also revealed. By reconstructing the canonical retroviral genes, we identified patterns of adaptation consistent with selection to maintain essential viral protein functions. Our results demonstrate the unique potential of the ERV fossil record for studying the processes of viral spread and emergence as they play out across macro-evolutionary timescales, such that looking back in time may prove insightful for predicting the long-term consequences of newly emerging viral infections."
  ],
  "affiliation": [
    "Biology Department, Boston College, Chestnut Hill, United States."
  ],
  "language": [
    "eng"
  ],
  "pubModel": [
    "Electronic"
  ],
  "pubTypeList": [
    {
      "pubType": [
        "Journal Article",
        "Research Support, N.I.H., Extramural"
      ]
    }
  ],
  "grantsList": [
    {
      "grant": [
        {
          "grantId": [
            "AI083118"
          ],
          "agency": [
            "NIAID NIH HHS"
          ],
          "acronym": [
            "AI"
          ],
          "orderIn": [
            "0"
          ]
        },
        {
          "grantId": [
            "R01 AI095092"
          ],
          "agency": [
            "NIAID NIH HHS"
          ],
          "acronym": [
            "AI"
          ],
          "orderIn": [
            "0"
          ]
        },
        {
          "grantId": [
            "R01 AI083118"
          ],
          "agency": [
            "NIAID NIH HHS"
          ],
          "acronym": [
            "AI"
          ],
          "orderIn": [
            "0"
          ]
        }
      ]
    }
  ],
  "keywordList": [
    {
      "keyword": [
        "Virus",
        "Microbiology",
        "Infectious disease",
        "Genomics",
        "Endogenous Retrovirus",
        "emergence",
        "Evolutionary Biology",
        "Gammaretrovirus",
        "Erv",
        "Cross-species Transmission",
        "Paleovirology"
      ]
    }
  ],
  "subsetList": [
    {
      "subset": [
        {
          "code": [
            "IM"
          ],
          "name": [
            "Index Medicus"
          ]
        }
      ]
    }
  ],
  "fullTextUrlList": [
    {
      "fullTextUrl": [
        {
          "availability": [
            "Open access"
          ],
          "availabilityCode": [
            "OA"
          ],
          "documentStyle": [
            "pdf"
          ],
          "site": [
            "Europe_PMC"
          ],
          "url": [
            "http://europepmc.org/articles/PMC4798954?pdf=render"
          ]
        },
        {
          "availability": [
            "Open access"
          ],
          "availabilityCode": [
            "OA"
          ],
          "documentStyle": [
            "html"
          ],
          "site": [
            "Europe_PMC"
          ],
          "url": [
            "http://europepmc.org/articles/PMC4798954"
          ]
        },
        {
          "availability": [
            "Subscription required"
          ],
          "availabilityCode": [
            "S"
          ],
          "documentStyle": [
            "doi"
          ],
          "site": [
            "DOI"
          ],
          "url": [
            "http://dx.doi.org/10.7554/eLife.12704"
          ]
        }
      ]
    }
  ],
  "isOpenAccess": [
    "Y"
  ],
  "inEPMC": [
    "Y"
  ],
  "inPMC": [
    "N"
  ],
  "hasPDF": [
    "Y"
  ],
  "hasBook": [
    "N"
  ],
  "hasSuppl": [
    "Y"
  ],
  "citedByCount": [
    "0"
  ],
  "hasReferences": [
    "Y"
  ],
  "hasTextMinedTerms": [
    "Y"
  ],
  "hasDbCrossReferences": [
    "N"
  ],
  "hasLabsLinks": [
    "Y"
  ],
  "license": [
    "cc by"
  ],
  "epmcAuthMan": [
    "N"
  ],
  "hasTMAccessionNumbers": [
    "N"
  ],
  "dateOfCreation": [
    "2016-03-08"
  ],
  "dateOfRevision": [
    "2016-10-19"
  ],
  "electronicPublicationDate": [
    "2016-03-08"
  ],
  "firstPublicationDate": [
    "2016-03-08"
  ]
}