{
  "id": [
    "27672490"
  ],
  "source": [
    "MED"
  ],
  "pmid": [
    "27672490"
  ],
  "pmcid": [
    "PMC5028775"
  ],
  "doi": [
    "10.7717/peerj.2296"
  ],
  "title": [
    "A juvenile subfossil crocodylian from Anjohibe Cave, Northwestern Madagascar."
  ],
  "authorString": [
    "Mathews JC, Samonds KE."
  ],
  "authorList": [
    {
      "author": [
        {
          "fullName": [
            "Mathews JC"
          ],
          "firstName": [
            "Joshua C"
          ],
          "lastName": [
            "Mathews"
          ],
          "initials": [
            "JC"
          ],
          "affiliation": [
            "Department of Biological Sciences, Northern Illinois University , DeKalb , IL , United States."
          ]
        },
        {
          "fullName": [
            "Samonds KE"
          ],
          "firstName": [
            "Karen E"
          ],
          "lastName": [
            "Samonds"
          ],
          "initials": [
            "KE"
          ],
          "affiliation": [
            "Department of Biological Sciences, Northern Illinois University , DeKalb , IL , United States."
          ]
        }
      ]
    }
  ],
  "journalInfo": [
    {
      "volume": [
        "4"
      ],
      "journalIssueId": [
        "2370428"
      ],
      "dateOfPublication": [
        "2016"
      ],
      "monthOfPublication": [
        "0"
      ],
      "yearOfPublication": [
        "2016"
      ],
      "printPublicationDate": [
        "2016-01-01"
      ],
      "journal": [
        {
          "title": [
            "PeerJ"
          ],
          "ISOAbbreviation": [
            "PeerJ"
          ],
          "medlineAbbreviation": [
            "PeerJ"
          ],
          "NLMid": [
            "101603425"
          ],
          "ESSN": [
            "2167-8359"
          ]
        }
      ]
    }
  ],
  "pubYear": [
    "2016"
  ],
  "pageInfo": [
    "e2296"
  ],
  "abstractText": [
    "Madagascar's subfossil record preserves a diverse community of animals including elephant birds, pygmy hippopotamus, giant lemurs, turtles, crocodiles, bats, rodents, and carnivorans. These fossil accumulations give us a window into the island's past from 80,000 years ago to a mere few hundred years ago, recording the extinction of some groups and the persistence of others. The crocodylian subfossil record is limited to two taxa, Voay robustus and Crocodylus niloticus, found at sites distributed throughout the island. V. robustus is extinct while C. niloticus is still found on the island today, but whether these two species overlapped temporally, or if Voay was driven to extinction by competing with Crocodylus remains unknown. While their size and presumed behavior was similar to each other, nearly nothing is known about the growth and development of Voay, as the overwhelming majority of fossil specimens represent mature adult individuals. Here we describe a nearly complete juvenile crocodylian specimen from Anjohibe Cave, northwestern Madagascar. The specimen is referred to Crocodylus based on the presence of caviconchal recesses on the medial wall of the maxillae, and to C. niloticus based on the presence of an oval shaped internal choana, lack of rostral ornamentation and a long narrow snout. However, as there are currently no described juvenile specimens of Voay robustus, it is important to recognize that some of the defining characteristics of that genus may have changed through ontogeny. Elements include a nearly complete skull and many postcranial elements (cervical, thoracic, sacral, and caudal vertebrae, pectoral elements, pelvic elements, forelimb and hindlimb elements, osteoderms). Crocodylus niloticus currently inhabits Madagascar but is locally extinct from this particular region; radiometric dating indicates an age of ∼460-310 years before present (BP). This specimen clearly represents a juvenile based on the extremely small size and open sutures/detached neural arches; total body length is estimated to be ∼1.1 m (modern adults of this species range from ∼4-6 m). This fossil represents the only juvenile subfossil crocodylian specimen reported from Madagascar."
  ],
  "affiliation": [
    "Department of Biological Sciences, Northern Illinois University , DeKalb , IL , United States."
  ],
  "language": [
    "eng"
  ],
  "pubModel": [
    "Electronic-eCollection"
  ],
  "pubTypeList": [
    {
      "pubType": [
        "Journal Article"
      ]
    }
  ],
  "keywordList": [
    {
      "keyword": [
        "Pleistocene",
        "Holocene",
        "Crocodylus niloticus",
        "Madagascar",
        "Anjohibe Cave",
        "Subfossil",
        "Voay Robustus"
      ]
    }
  ],
  "fullTextUrlList": [
    {
      "fullTextUrl": [
        {
          "availability": [
            "Open access"
          ],
          "availabilityCode": [
            "OA"
          ],
          "documentStyle": [
            "pdf"
          ],
          "site": [
            "Europe_PMC"
          ],
          "url": [
            "http://europepmc.org/articles/PMC5028775?pdf=render"
          ]
        },
        {
          "availability": [
            "Open access"
          ],
          "availabilityCode": [
            "OA"
          ],
          "documentStyle": [
            "html"
          ],
          "site": [
            "Europe_PMC"
          ],
          "url": [
            "http://europepmc.org/articles/PMC5028775"
          ]
        },
        {
          "availability": [
            "Subscription required"
          ],
          "availabilityCode": [
            "S"
          ],
          "documentStyle": [
            "doi"
          ],
          "site": [
            "DOI"
          ],
          "url": [
            "http://dx.doi.org/10.7717/peerj.2296"
          ]
        }
      ]
    }
  ],
  "isOpenAccess": [
    "Y"
  ],
  "inEPMC": [
    "Y"
  ],
  "inPMC": [
    "N"
  ],
  "hasPDF": [
    "Y"
  ],
  "hasBook": [
    "N"
  ],
  "hasSuppl": [
    "N"
  ],
  "citedByCount": [
    "0"
  ],
  "hasReferences": [
    "Y"
  ],
  "hasTextMinedTerms": [
    "Y"
  ],
  "hasDbCrossReferences": [
    "N"
  ],
  "hasLabsLinks": [
    "Y"
  ],
  "license": [
    "cc by"
  ],
  "epmcAuthMan": [
    "N"
  ],
  "hasTMAccessionNumbers": [
    "N"
  ],
  "dateOfCompletion": [
    "2016-09-27"
  ],
  "dateOfCreation": [
    "2016-09-27"
  ],
  "dateOfRevision": [
    "2016-09-29"
  ],
  "electronicPublicationDate": [
    "2016-09-15"
  ],
  "firstPublicationDate": [
    "2016-09-15"
  ]
}