{
  "id": [
    "27642012"
  ],
  "source": [
    "MED"
  ],
  "pmid": [
    "27642012"
  ],
  "pmcid": [
    "PMC5061548"
  ],
  "doi": [
    "10.7554/elife.11994"
  ],
  "title": [
    "TP53 copy number expansion is associated with the evolution of increased body size and an enhanced DNA damage response in elephants."
  ],
  "authorString": [
    "Sulak M, Fong L, Mika K, Chigurupati S, Yon L, Mongan NP, Emes RD, Lynch VJ."
  ],
  "authorList": [
    {
      "author": [
        {
          "fullName": [
            "Sulak M"
          ],
          "firstName": [
            "Michael"
          ],
          "lastName": [
            "Sulak"
          ],
          "initials": [
            "M"
          ],
          "affiliation": [
            "Department of Human Genetics, The University of Chicago, Chicago, United States."
          ]
        },
        {
          "fullName": [
            "Fong L"
          ],
          "firstName": [
            "Lindsey"
          ],
          "lastName": [
            "Fong"
          ],
          "initials": [
            "L"
          ],
          "affiliation": [
            "Department of Human Genetics, The University of Chicago, Chicago, United States."
          ]
        },
        {
          "fullName": [
            "Mika K"
          ],
          "firstName": [
            "Katelyn"
          ],
          "lastName": [
            "Mika"
          ],
          "initials": [
            "K"
          ],
          "affiliation": [
            "Department of Human Genetics, The University of Chicago, Chicago, United States."
          ]
        },
        {
          "fullName": [
            "Chigurupati S"
          ],
          "firstName": [
            "Sravanthi"
          ],
          "lastName": [
            "Chigurupati"
          ],
          "initials": [
            "S"
          ],
          "affiliation": [
            "Department of Human Genetics, The University of Chicago, Chicago, United States."
          ]
        },
        {
          "fullName": [
            "Yon L"
          ],
          "firstName": [
            "Lisa"
          ],
          "lastName": [
            "Yon"
          ],
          "initials": [
            "L"
          ],
          "affiliation": [
            "Faculty of Medicine and Health Sciences, University of Nottingham, Leicestershire, United Kingdom."
          ]
        },
        {
          "fullName": [
            "Mongan NP"
          ],
          "firstName": [
            "Nigel P"
          ],
          "lastName": [
            "Mongan"
          ],
          "initials": [
            "NP"
          ],
          "affiliation": [
            "Department of Pharmacology, Weill Cornell Medical College, New York, United States."
          ]
        },
        {
          "fullName": [
            "Emes RD"
          ],
          "firstName": [
            "Richard D"
          ],
          "lastName": [
            "Emes"
          ],
          "initials": [
            "RD"
          ],
          "affiliation": [
            "Advanced Data Analysis Centre, University of Nottingham UK, Nottingham, United Kingdom."
          ]
        },
        {
          "fullName": [
            "Lynch VJ"
          ],
          "firstName": [
            "Vincent J"
          ],
          "lastName": [
            "Lynch"
          ],
          "initials": [
            "VJ"
          ],
          "authorId": [
            {
              "_": "0000-0001-5311-3824",
              "$": {
                "type": "ORCID"
              }
            }
          ],
          "affiliation": [
            "Department of Human Genetics, The University of Chicago, Chicago, United States."
          ]
        }
      ]
    }
  ],
  "authorIdList": [
    {
      "authorId": [
        {
          "_": "0000-0001-5311-3824",
          "$": {
            "type": "ORCID"
          }
        },
        {
          "_": "0000-0002-9765-3192",
          "$": {
            "type": "ORCID"
          }
        }
      ]
    }
  ],
  "journalInfo": [
    {
      "volume": [
        "5"
      ],
      "journalIssueId": [
        "2446576"
      ],
      "dateOfPublication": [
        "2016 Sep"
      ],
      "monthOfPublication": [
        "9"
      ],
      "yearOfPublication": [
        "2016"
      ],
      "printPublicationDate": [
        "2016-09-01"
      ],
      "journal": [
        {
          "title": [
            "eLife"
          ],
          "ISOAbbreviation": [
            "Elife"
          ],
          "medlineAbbreviation": [
            "Elife"
          ],
          "NLMid": [
            "101579614"
          ],
          "ESSN": [
            "2050-084X"
          ]
        }
      ]
    }
  ],
  "pubYear": [
    "2016"
  ],
  "abstractText": [
    "A major constraint on the evolution of large body sizes in animals is an increased risk of developing cancer. There is no correlation, however, between body size and cancer risk. This lack of correlation is often referred to as 'Peto's Paradox'. Here, we show that the elephant genome encodes 20 copies of the tumor suppressor gene TP53 and that the increase in TP53 copy number occurred coincident with the evolution of large body sizes, the evolution of extreme sensitivity to genotoxic stress, and a hyperactive TP53 signaling pathway in the elephant (Proboscidean) lineage. Furthermore, we show that several of the TP53 retrogenes (TP53RTGs) are transcribed and likely translated. While TP53RTGs do not appear to directly function as transcription factors, they do contribute to the enhanced sensitivity of elephant cells to DNA damage and the induction of apoptosis by regulating activity of the TP53 signaling pathway. These results suggest that an increase in the copy number of TP53 may have played a direct role in the evolution of very large body sizes and the resolution of Peto's paradox in Proboscideans."
  ],
  "affiliation": [
    "Department of Human Genetics, The University of Chicago, Chicago, United States."
  ],
  "language": [
    "eng"
  ],
  "pubModel": [
    "Electronic"
  ],
  "pubTypeList": [
    {
      "pubType": [
        "Journal Article"
      ]
    }
  ],
  "keywordList": [
    {
      "keyword": [
        "Cell biology",
        "Genomics",
        "Asian elephant",
        "Evolutionary Biology",
        "Armadillo",
        "Hyrax",
        "African Elephant",
        "Aardvark"
      ]
    }
  ],
  "fullTextUrlList": [
    {
      "fullTextUrl": [
        {
          "availability": [
            "Open access"
          ],
          "availabilityCode": [
            "OA"
          ],
          "documentStyle": [
            "pdf"
          ],
          "site": [
            "Europe_PMC"
          ],
          "url": [
            "http://europepmc.org/articles/PMC5061548?pdf=render"
          ]
        },
        {
          "availability": [
            "Open access"
          ],
          "availabilityCode": [
            "OA"
          ],
          "documentStyle": [
            "html"
          ],
          "site": [
            "Europe_PMC"
          ],
          "url": [
            "http://europepmc.org/articles/PMC5061548"
          ]
        },
        {
          "availability": [
            "Subscription required"
          ],
          "availabilityCode": [
            "S"
          ],
          "documentStyle": [
            "doi"
          ],
          "site": [
            "DOI"
          ],
          "url": [
            "http://dx.doi.org/10.7554/eLife.11994"
          ]
        }
      ]
    }
  ],
  "isOpenAccess": [
    "Y"
  ],
  "inEPMC": [
    "Y"
  ],
  "inPMC": [
    "N"
  ],
  "hasPDF": [
    "Y"
  ],
  "hasBook": [
    "N"
  ],
  "hasSuppl": [
    "N"
  ],
  "citedByCount": [
    "1"
  ],
  "hasReferences": [
    "Y"
  ],
  "hasTextMinedTerms": [
    "Y"
  ],
  "hasDbCrossReferences": [
    "N"
  ],
  "hasLabsLinks": [
    "Y"
  ],
  "license": [
    "cc by"
  ],
  "epmcAuthMan": [
    "N"
  ],
  "hasTMAccessionNumbers": [
    "Y"
  ],
  "tmAccessionTypeList": [
    {
      "accessionType": [
        "ensembl"
      ]
    }
  ],
  "dateOfCreation": [
    "2016-09-19"
  ],
  "dateOfRevision": [
    "2016-11-02"
  ],
  "electronicPublicationDate": [
    "2016-09-19"
  ],
  "firstPublicationDate": [
    "2016-09-19"
  ]
}