{
  "id": [
    "27797705"
  ],
  "source": [
    "MED"
  ],
  "pmid": [
    "27797705"
  ],
  "pmcid": [
    "PMC5089389"
  ],
  "doi": [
    "10.7554/elife.21864"
  ],
  "title": [
    "How elephants beat cancer."
  ],
  "authorString": [
    "Gaughran SJ, Pless E, Stearns SC."
  ],
  "authorList": [
    {
      "author": [
        {
          "fullName": [
            "Gaughran SJ"
          ],
          "firstName": [
            "Stephen J"
          ],
          "lastName": [
            "Gaughran"
          ],
          "initials": [
            "SJ"
          ],
          "authorId": [
            {
              "_": "0000-0002-9413-5074",
              "$": {
                "type": "ORCID"
              }
            }
          ],
          "affiliation": [
            "Department of Ecology and Evolutionary Biology, Yale University, New Haven, United States."
          ]
        },
        {
          "fullName": [
            "Pless E"
          ],
          "firstName": [
            "Evlyn"
          ],
          "lastName": [
            "Pless"
          ],
          "initials": [
            "E"
          ],
          "authorId": [
            {
              "_": "0000-0002-6402-3397",
              "$": {
                "type": "ORCID"
              }
            }
          ],
          "affiliation": [
            "Department of Ecology and Evolutionary Biology, Yale University, New Haven, United States."
          ]
        },
        {
          "fullName": [
            "Stearns SC"
          ],
          "firstName": [
            "Stephen C"
          ],
          "lastName": [
            "Stearns"
          ],
          "initials": [
            "SC"
          ],
          "authorId": [
            {
              "_": "0000-0002-6621-4373",
              "$": {
                "type": "ORCID"
              }
            }
          ],
          "affiliation": [
            "Department of Ecology and Evolutionary Biology, Yale University, New Haven, United States."
          ]
        }
      ]
    }
  ],
  "authorIdList": [
    {
      "authorId": [
        {
          "_": "0000-0002-6402-3397",
          "$": {
            "type": "ORCID"
          }
        },
        {
          "_": "0000-0002-6621-4373",
          "$": {
            "type": "ORCID"
          }
        },
        {
          "_": "0000-0002-9413-5074",
          "$": {
            "type": "ORCID"
          }
        }
      ]
    }
  ],
  "journalInfo": [
    {
      "volume": [
        "5"
      ],
      "journalIssueId": [
        "2455311"
      ],
      "dateOfPublication": [
        "2016 Oct"
      ],
      "monthOfPublication": [
        "10"
      ],
      "yearOfPublication": [
        "2016"
      ],
      "printPublicationDate": [
        "2016-10-01"
      ],
      "journal": [
        {
          "title": [
            "eLife"
          ],
          "ISOAbbreviation": [
            "Elife"
          ],
          "medlineAbbreviation": [
            "Elife"
          ],
          "NLMid": [
            "101579614"
          ],
          "ESSN": [
            "2050-084X"
          ]
        }
      ]
    }
  ],
  "pubYear": [
    "2016"
  ],
  "abstractText": [
    "Elephants have significantly reduced their risk of cancer by duplicating an important gene called TP53."
  ],
  "affiliation": [
    "Department of Ecology and Evolutionary Biology, Yale University, New Haven, United States."
  ],
  "language": [
    "eng"
  ],
  "pubModel": [
    "Electronic"
  ],
  "pubTypeList": [
    {
      "pubType": [
        "Journal Article"
      ]
    }
  ],
  "keywordList": [
    {
      "keyword": [
        "Cell biology",
        "Genomics",
        "Asian elephant",
        "Evolutionary Biology",
        "Armadillo",
        "Hyrax",
        "African Elephant",
        "Aardvark"
      ]
    }
  ],
  "fullTextUrlList": [
    {
      "fullTextUrl": [
        {
          "availability": [
            "Open access"
          ],
          "availabilityCode": [
            "OA"
          ],
          "documentStyle": [
            "pdf"
          ],
          "site": [
            "Europe_PMC"
          ],
          "url": [
            "http://europepmc.org/articles/PMC5089389?pdf=render"
          ]
        },
        {
          "availability": [
            "Open access"
          ],
          "availabilityCode": [
            "OA"
          ],
          "documentStyle": [
            "html"
          ],
          "site": [
            "Europe_PMC"
          ],
          "url": [
            "http://europepmc.org/articles/PMC5089389"
          ]
        },
        {
          "availability": [
            "Subscription required"
          ],
          "availabilityCode": [
            "S"
          ],
          "documentStyle": [
            "doi"
          ],
          "site": [
            "DOI"
          ],
          "url": [
            "http://dx.doi.org/10.7554/eLife.21864"
          ]
        }
      ]
    }
  ],
  "isOpenAccess": [
    "Y"
  ],
  "inEPMC": [
    "Y"
  ],
  "inPMC": [
    "N"
  ],
  "hasPDF": [
    "Y"
  ],
  "hasBook": [
    "N"
  ],
  "hasSuppl": [
    "N"
  ],
  "citedByCount": [
    "0"
  ],
  "hasReferences": [
    "Y"
  ],
  "hasTextMinedTerms": [
    "N"
  ],
  "hasDbCrossReferences": [
    "N"
  ],
  "hasLabsLinks": [
    "Y"
  ],
  "license": [
    "cc by"
  ],
  "epmcAuthMan": [
    "N"
  ],
  "hasTMAccessionNumbers": [
    "N"
  ],
  "dateOfCreation": [
    "2016-10-31"
  ],
  "dateOfRevision": [
    "2016-11-04"
  ],
  "electronicPublicationDate": [
    "2016-10-31"
  ],
  "firstPublicationDate": [
    "2016-10-31"
  ]
}