{
  "id": [
    "27585543"
  ],
  "source": [
    "MED"
  ],
  "pmid": [
    "27585543"
  ],
  "pmcid": [
    "PMC5025827"
  ],
  "doi": [
    "10.1038/ncomms12758"
  ],
  "title": [
    "Morphological and molecular convergences in mammalian phylogenetics."
  ],
  "authorString": [
    "Zou Z, Zhang J."
  ],
  "authorList": [
    {
      "author": [
        {
          "fullName": [
            "Zou Z"
          ],
          "firstName": [
            "Zhengting"
          ],
          "lastName": [
            "Zou"
          ],
          "initials": [
            "Z"
          ],
          "authorId": [
            {
              "_": "0000-0003-1716-5090",
              "$": {
                "type": "ORCID"
              }
            }
          ],
          "affiliation": [
            "Department of Computational Medicine and Bioinformatics, University of Michigan, Ann Arbor, Michigan 48109, USA."
          ]
        },
        {
          "fullName": [
            "Zhang J"
          ],
          "firstName": [
            "Jianzhi"
          ],
          "lastName": [
            "Zhang"
          ],
          "initials": [
            "J"
          ],
          "authorId": [
            {
              "_": "0000-0001-6141-1290",
              "$": {
                "type": "ORCID"
              }
            }
          ],
          "affiliation": [
            "Department of Ecology and Evolutionary Biology, University of Michigan, Ann Arbor, Michigan 48109, USA."
          ]
        }
      ]
    }
  ],
  "authorIdList": [
    {
      "authorId": [
        {
          "_": "0000-0001-6141-1290",
          "$": {
            "type": "ORCID"
          }
        },
        {
          "_": "0000-0003-1716-5090",
          "$": {
            "type": "ORCID"
          }
        }
      ]
    }
  ],
  "journalInfo": [
    {
      "volume": [
        "7"
      ],
      "journalIssueId": [
        "2461791"
      ],
      "dateOfPublication": [
        "2016 Sep"
      ],
      "monthOfPublication": [
        "9"
      ],
      "yearOfPublication": [
        "2016"
      ],
      "printPublicationDate": [
        "2016-09-01"
      ],
      "journal": [
        {
          "title": [
            "Nature communications"
          ],
          "ISOAbbreviation": [
            "Nat Commun"
          ],
          "medlineAbbreviation": [
            "Nat Commun"
          ],
          "NLMid": [
            "101528555"
          ],
          "ESSN": [
            "2041-1723"
          ]
        }
      ]
    }
  ],
  "pubYear": [
    "2016"
  ],
  "pageInfo": [
    "12758"
  ],
  "abstractText": [
    "Phylogenetic trees reconstructed from molecular sequences are often considered more reliable than those reconstructed from morphological characters, in part because convergent evolution, which confounds phylogenetic reconstruction, is believed to be rarer for molecular sequences than for morphologies. However, neither the validity of this belief nor its underlying cause is known. Here comparing thousands of characters of each type that have been used for inferring the phylogeny of mammals, we find that on average morphological characters indeed experience much more convergences than amino acid sites, but this disparity is explained by fewer states per character rather than an intrinsically higher susceptibility to convergence for morphologies than sequences. We show by computer simulation and actual data analysis that a simple method for identifying and removing convergence-prone characters improves phylogenetic accuracy, potentially enabling, when necessary, the inclusion of morphologies and hence fossils for reliable tree inference."
  ],
  "affiliation": [
    "Department of Computational Medicine and Bioinformatics, University of Michigan, Ann Arbor, Michigan 48109, USA."
  ],
  "language": [
    "eng"
  ],
  "pubModel": [
    "Electronic"
  ],
  "pubTypeList": [
    {
      "pubType": [
        "Journal Article"
      ]
    }
  ],
  "grantsList": [
    {
      "grant": [
        {
          "grantId": [
            "R01 GM103232"
          ],
          "agency": [
            "NIGMS NIH HHS"
          ],
          "acronym": [
            "GM"
          ],
          "orderIn": [
            "0"
          ]
        }
      ]
    }
  ],
  "subsetList": [
    {
      "subset": [
        {
          "code": [
            "IM"
          ],
          "name": [
            "Index Medicus"
          ]
        }
      ]
    }
  ],
  "fullTextUrlList": [
    {
      "fullTextUrl": [
        {
          "availability": [
            "Open access"
          ],
          "availabilityCode": [
            "OA"
          ],
          "documentStyle": [
            "pdf"
          ],
          "site": [
            "Europe_PMC"
          ],
          "url": [
            "http://europepmc.org/articles/PMC5025827?pdf=render"
          ]
        },
        {
          "availability": [
            "Open access"
          ],
          "availabilityCode": [
            "OA"
          ],
          "documentStyle": [
            "html"
          ],
          "site": [
            "Europe_PMC"
          ],
          "url": [
            "http://europepmc.org/articles/PMC5025827"
          ]
        },
        {
          "availability": [
            "Subscription required"
          ],
          "availabilityCode": [
            "S"
          ],
          "documentStyle": [
            "doi"
          ],
          "site": [
            "DOI"
          ],
          "url": [
            "http://dx.doi.org/10.1038/ncomms12758"
          ]
        }
      ]
    }
  ],
  "isOpenAccess": [
    "Y"
  ],
  "inEPMC": [
    "Y"
  ],
  "inPMC": [
    "N"
  ],
  "hasPDF": [
    "Y"
  ],
  "hasBook": [
    "N"
  ],
  "hasSuppl": [
    "N"
  ],
  "citedByCount": [
    "0"
  ],
  "hasReferences": [
    "Y"
  ],
  "hasTextMinedTerms": [
    "Y"
  ],
  "hasDbCrossReferences": [
    "N"
  ],
  "hasLabsLinks": [
    "Y"
  ],
  "license": [
    "cc by"
  ],
  "epmcAuthMan": [
    "N"
  ],
  "hasTMAccessionNumbers": [
    "N"
  ],
  "dateOfCreation": [
    "2016-09-02"
  ],
  "dateOfRevision": [
    "2016-12-02"
  ],
  "electronicPublicationDate": [
    "2016-09-02"
  ],
  "firstPublicationDate": [
    "2016-09-02"
  ]
}