{
  "id": [
    "26821159"
  ],
  "source": [
    "MED"
  ],
  "pmid": [
    "26821159"
  ],
  "pmcid": [
    "PMC4731086"
  ],
  "doi": [
    "10.1371/journal.pone.0147647"
  ],
  "title": [
    "The Ancestral Carnivore Karyotype As Substantiated by Comparative Chromosome Painting of Three Pinnipeds, the Walrus, the Steller Sea Lion and the Baikal Seal (Pinnipedia, Carnivora)."
  ],
  "authorString": [
    "Beklemisheva VR, Perelman PL, Lemskaya NA, Kulemzina AI, Proskuryakova AA, Burkanov VN, Graphodatsky AS."
  ],
  "authorList": [
    {
      "author": [
        {
          "fullName": [
            "Beklemisheva VR"
          ],
          "firstName": [
            "Violetta R"
          ],
          "lastName": [
            "Beklemisheva"
          ],
          "initials": [
            "VR"
          ],
          "affiliation": [
            "Department of Comparative Genomics, Institute of Molecular and Cellular Biology, Siberian Branch of Russian Academy of Sciences, Novosibirsk, Russia."
          ]
        },
        {
          "fullName": [
            "Perelman PL"
          ],
          "firstName": [
            "Polina L"
          ],
          "lastName": [
            "Perelman"
          ],
          "initials": [
            "PL"
          ],
          "affiliation": [
            "Novosibirsk State University, Novosibirsk, Russia."
          ]
        },
        {
          "fullName": [
            "Lemskaya NA"
          ],
          "firstName": [
            "Natalya A"
          ],
          "lastName": [
            "Lemskaya"
          ],
          "initials": [
            "NA"
          ],
          "affiliation": [
            "Department of Comparative Genomics, Institute of Molecular and Cellular Biology, Siberian Branch of Russian Academy of Sciences, Novosibirsk, Russia."
          ]
        },
        {
          "fullName": [
            "Kulemzina AI"
          ],
          "firstName": [
            "Anastasia I"
          ],
          "lastName": [
            "Kulemzina"
          ],
          "initials": [
            "AI"
          ],
          "affiliation": [
            "Department of Comparative Genomics, Institute of Molecular and Cellular Biology, Siberian Branch of Russian Academy of Sciences, Novosibirsk, Russia."
          ]
        },
        {
          "fullName": [
            "Proskuryakova AA"
          ],
          "firstName": [
            "Anastasia A"
          ],
          "lastName": [
            "Proskuryakova"
          ],
          "initials": [
            "AA"
          ],
          "affiliation": [
            "Novosibirsk State University, Novosibirsk, Russia."
          ]
        },
        {
          "fullName": [
            "Burkanov VN"
          ],
          "firstName": [
            "Vladimir N"
          ],
          "lastName": [
            "Burkanov"
          ],
          "initials": [
            "VN"
          ],
          "affiliation": [
            "National Marine Mammal Laboratory, Alaska Fisheries Science Centre, National Marine Fisheries Service, Seattle, Washington, United States of America."
          ]
        },
        {
          "fullName": [
            "Graphodatsky AS"
          ],
          "firstName": [
            "Alexander S"
          ],
          "lastName": [
            "Graphodatsky"
          ],
          "initials": [
            "AS"
          ],
          "affiliation": [
            "Novosibirsk State University, Novosibirsk, Russia."
          ]
        }
      ]
    }
  ],
  "journalInfo": [
    {
      "issue": [
        "1"
      ],
      "volume": [
        "11"
      ],
      "journalIssueId": [
        "2358464"
      ],
      "dateOfPublication": [
        "2016"
      ],
      "monthOfPublication": [
        "0"
      ],
      "yearOfPublication": [
        "2016"
      ],
      "printPublicationDate": [
        "2016-01-01"
      ],
      "journal": [
        {
          "title": [
            "PloS one"
          ],
          "ISOAbbreviation": [
            "PLoS ONE"
          ],
          "medlineAbbreviation": [
            "PLoS One"
          ],
          "NLMid": [
            "101285081"
          ],
          "ESSN": [
            "1932-6203"
          ]
        }
      ]
    }
  ],
  "pubYear": [
    "2016"
  ],
  "pageInfo": [
    "e0147647"
  ],
  "abstractText": [
    "Karyotype evolution in Carnivora is thoroughly studied by classical and molecular cytogenetics and supplemented by reconstructions of Ancestral Carnivora Karyotype (ACK). However chromosome painting information from two pinniped families (Odobenidae and Otariidae) is noticeably missing. We report on the construction of the comparative chromosome map for species from each of the three pinniped families: the walrus (Odobenus rosmarus, Odobenidae-monotypic family), near threatened Steller sea lion (Eumetopias jubatus, Otariidae) and the endemic Baikal seal (Pusa sibirica, Phocidae) using combination of human, domestic dog and stone marten whole-chromosome painting probes. The earliest karyological studies of Pinnipedia showed that pinnipeds were characterized by a pronounced karyological conservatism that is confirmed here with species from Phocidae, Otariidae and Odobenidae sharing same low number of conserved human autosomal segments (32). Chromosome painting in Pinnipedia and comparison with non-pinniped carnivore karyotypes provide strong support for refined structure of ACK with 2n = 38. Constructed comparative chromosome maps show that pinniped karyotype evolution was characterized by few tandem fusions, seemingly absent inversions and slow rate of genome rearrangements (less then one rearrangement per 10 million years). Integrative comparative analyses with published chromosome painting of Phoca vitulina revealed common cytogenetic signature for Phoca/Pusa branch and supports Phocidae and Otaroidea (Otariidae/Odobenidae) as sister groups. We revealed rearrangements specific for walrus karyotype and found the chromosomal signature linking together families Otariidae and Odobenidae. The Steller sea lion karyotype is the most conserved among three studied species and differs from the ACK by single fusion. The study underlined the strikingly slow karyotype evolution of the Pinnipedia in general and the Otariidae in particular."
  ],
  "affiliation": [
    "Department of Comparative Genomics, Institute of Molecular and Cellular Biology, Siberian Branch of Russian Academy of Sciences, Novosibirsk, Russia."
  ],
  "language": [
    "eng"
  ],
  "pubModel": [
    "Electronic-eCollection"
  ],
  "pubTypeList": [
    {
      "pubType": [
        "Journal Article",
        "Research Support, Non-U.S. Gov't"
      ]
    }
  ],
  "meshHeadingList": [
    {
      "meshHeading": [
        {
          "majorTopic_YN": [
            "N"
          ],
          "descriptorName": [
            "Animals"
          ]
        },
        {
          "majorTopic_YN": [
            "N"
          ],
          "descriptorName": [
            "Mustelidae"
          ],
          "meshQualifierList": [
            {
              "meshQualifier": [
                {
                  "abbreviation": [
                    "GE"
                  ],
                  "qualifierName": [
                    "genetics"
                  ],
                  "majorTopic_YN": [
                    "N"
                  ]
                }
              ]
            }
          ]
        },
        {
          "majorTopic_YN": [
            "N"
          ],
          "descriptorName": [
            "Sea Lions"
          ],
          "meshQualifierList": [
            {
              "meshQualifier": [
                {
                  "abbreviation": [
                    "GE"
                  ],
                  "qualifierName": [
                    "genetics"
                  ],
                  "majorTopic_YN": [
                    "Y"
                  ]
                }
              ]
            }
          ]
        },
        {
          "majorTopic_YN": [
            "N"
          ],
          "descriptorName": [
            "Seals, Earless"
          ],
          "meshQualifierList": [
            {
              "meshQualifier": [
                {
                  "abbreviation": [
                    "GE"
                  ],
                  "qualifierName": [
                    "genetics"
                  ],
                  "majorTopic_YN": [
                    "Y"
                  ]
                }
              ]
            }
          ]
        },
        {
          "majorTopic_YN": [
            "N"
          ],
          "descriptorName": [
            "Walruses"
          ],
          "meshQualifierList": [
            {
              "meshQualifier": [
                {
                  "abbreviation": [
                    "GE"
                  ],
                  "qualifierName": [
                    "genetics"
                  ],
                  "majorTopic_YN": [
                    "Y"
                  ]
                }
              ]
            }
          ]
        },
        {
          "majorTopic_YN": [
            "N"
          ],
          "descriptorName": [
            "Humans"
          ]
        },
        {
          "majorTopic_YN": [
            "N"
          ],
          "descriptorName": [
            "DNA Probes"
          ],
          "meshQualifierList": [
            {
              "meshQualifier": [
                {
                  "abbreviation": [
                    "GE"
                  ],
                  "qualifierName": [
                    "genetics"
                  ],
                  "majorTopic_YN": [
                    "N"
                  ]
                }
              ]
            }
          ]
        },
        {
          "majorTopic_YN": [
            "N"
          ],
          "descriptorName": [
            "Chromosome Painting"
          ]
        },
        {
          "majorTopic_YN": [
            "N"
          ],
          "descriptorName": [
            "Chromosome Mapping"
          ]
        },
        {
          "majorTopic_YN": [
            "N"
          ],
          "descriptorName": [
            "Evolution, Molecular"
          ]
        },
        {
          "majorTopic_YN": [
            "N"
          ],
          "descriptorName": [
            "Male"
          ]
        },
        {
          "majorTopic_YN": [
            "N"
          ],
          "descriptorName": [
            "Karyotype"
          ]
        },
        {
          "majorTopic_YN": [
            "N"
          ],
          "descriptorName": [
            "Carnivory"
          ]
        }
      ]
    }
  ],
  "chemicalList": [
    {
      "chemical": [
        {
          "name": [
            "DNA Probes"
          ],
          "registryNumber": [
            "0"
          ]
        }
      ]
    }
  ],
  "subsetList": [
    {
      "subset": [
        {
          "code": [
            "IM"
          ],
          "name": [
            "Index Medicus"
          ]
        }
      ]
    }
  ],
  "fullTextUrlList": [
    {
      "fullTextUrl": [
        {
          "availability": [
            "Open access"
          ],
          "availabilityCode": [
            "OA"
          ],
          "documentStyle": [
            "pdf"
          ],
          "site": [
            "Europe_PMC"
          ],
          "url": [
            "http://europepmc.org/articles/PMC4731086?pdf=render"
          ]
        },
        {
          "availability": [
            "Open access"
          ],
          "availabilityCode": [
            "OA"
          ],
          "documentStyle": [
            "html"
          ],
          "site": [
            "Europe_PMC"
          ],
          "url": [
            "http://europepmc.org/articles/PMC4731086"
          ]
        },
        {
          "availability": [
            "Subscription required"
          ],
          "availabilityCode": [
            "S"
          ],
          "documentStyle": [
            "doi"
          ],
          "site": [
            "DOI"
          ],
          "url": [
            "http://dx.doi.org/10.1371/journal.pone.0147647"
          ]
        }
      ]
    }
  ],
  "isOpenAccess": [
    "Y"
  ],
  "inEPMC": [
    "Y"
  ],
  "inPMC": [
    "N"
  ],
  "hasPDF": [
    "Y"
  ],
  "hasBook": [
    "N"
  ],
  "hasSuppl": [
    "N"
  ],
  "citedByCount": [
    "0"
  ],
  "hasReferences": [
    "Y"
  ],
  "hasTextMinedTerms": [
    "Y"
  ],
  "hasDbCrossReferences": [
    "N"
  ],
  "hasLabsLinks": [
    "Y"
  ],
  "epmcAuthMan": [
    "N"
  ],
  "hasTMAccessionNumbers": [
    "N"
  ],
  "dateOfCompletion": [
    "2016-07-06"
  ],
  "dateOfCreation": [
    "2016-01-29"
  ],
  "dateOfRevision": [
    "2016-02-05"
  ],
  "electronicPublicationDate": [
    "2016-01-28"
  ],
  "firstPublicationDate": [
    "2016-01-28"
  ]
}