{
  "id": [
    "27349742"
  ],
  "source": [
    "MED"
  ],
  "pmid": [
    "27349742"
  ],
  "pmcid": [
    "PMC4924314"
  ],
  "doi": [
    "10.1186/s12866-016-0750-3"
  ],
  "title": [
    "Vertebrate TFPI-2 C-terminal peptides exert therapeutic applications against Gram-negative infections."
  ],
  "authorString": [
    "Kasetty G, Smeds E, Holmberg E, Wrange L, Adikesavan S, Papareddy P."
  ],
  "authorList": [
    {
      "author": [
        {
          "fullName": [
            "Kasetty G"
          ],
          "firstName": [
            "Gopinath"
          ],
          "lastName": [
            "Kasetty"
          ],
          "initials": [
            "G"
          ],
          "affiliation": [
            "Division of Respiratory Medicine and Allergology, Lund University, Lund, Sweden."
          ]
        },
        {
          "fullName": [
            "Smeds E"
          ],
          "firstName": [
            "Emanuel"
          ],
          "lastName": [
            "Smeds"
          ],
          "initials": [
            "E"
          ],
          "affiliation": [
            "Division of Infection Medicine, Department of Clinical Sciences, Lund University, Biomedical Center, B14, Tornavägen 10, SE-221 84, Lund, Sweden."
          ]
        },
        {
          "fullName": [
            "Holmberg E"
          ],
          "firstName": [
            "Emelie"
          ],
          "lastName": [
            "Holmberg"
          ],
          "initials": [
            "E"
          ],
          "affiliation": [
            "Division of Infection Medicine, Department of Clinical Sciences, Lund University, Biomedical Center, B14, Tornavägen 10, SE-221 84, Lund, Sweden."
          ]
        },
        {
          "fullName": [
            "Wrange L"
          ],
          "firstName": [
            "Louise"
          ],
          "lastName": [
            "Wrange"
          ],
          "initials": [
            "L"
          ],
          "affiliation": [
            "Division of Infection Medicine, Department of Clinical Sciences, Lund University, Biomedical Center, B14, Tornavägen 10, SE-221 84, Lund, Sweden."
          ]
        },
        {
          "fullName": [
            "Adikesavan S"
          ],
          "firstName": [
            "Selvi"
          ],
          "lastName": [
            "Adikesavan"
          ],
          "initials": [
            "S"
          ],
          "affiliation": [
            "Dept of Biotechnology, DKM college for Women, Sainathapuram, 632001, Vellore, India."
          ]
        },
        {
          "fullName": [
            "Papareddy P"
          ],
          "firstName": [
            "Praveen"
          ],
          "lastName": [
            "Papareddy"
          ],
          "initials": [
            "P"
          ],
          "authorId": [
            {
              "_": "0000-0002-3872-478X",
              "$": {
                "type": "ORCID"
              }
            }
          ],
          "affiliation": [
            "Division of Infection Medicine, Department of Clinical Sciences, Lund University, Biomedical Center, B14, Tornavägen 10, SE-221 84, Lund, Sweden. praveen.papareddy@med.lu.se."
          ]
        }
      ]
    }
  ],
  "authorIdList": [
    {
      "authorId": [
        {
          "_": "0000-0002-3872-478X",
          "$": {
            "type": "ORCID"
          }
        }
      ]
    }
  ],
  "journalInfo": [
    {
      "issue": [
        "1"
      ],
      "volume": [
        "16"
      ],
      "journalIssueId": [
        "2358712"
      ],
      "dateOfPublication": [
        "2016 "
      ],
      "monthOfPublication": [
        "0"
      ],
      "yearOfPublication": [
        "2016"
      ],
      "printPublicationDate": [
        "2016-01-01"
      ],
      "journal": [
        {
          "title": [
            "BMC microbiology"
          ],
          "ISOAbbreviation": [
            "BMC Microbiol."
          ],
          "medlineAbbreviation": [
            "BMC Microbiol"
          ],
          "NLMid": [
            "100966981"
          ],
          "ESSN": [
            "1471-2180"
          ]
        }
      ]
    }
  ],
  "pubYear": [
    "2016"
  ],
  "pageInfo": [
    "129"
  ],
  "abstractText": [
    "Tissue factor pathway inhibitor-2 (TFPI-2) is a serine protease inhibitor that exerts multiple physiological and patho-physiological activities involving the modulation of coagulation, angiogenesis, tumor invasion, and apoptosis. In previous studies we reported a novel role of human TFPI-2 in innate immunity by serving as a precursor for host defense peptides. Here we employed a number of TFPI-2 derived peptides from different vertebrate species and found that their antibacterial activity is evolutionary conserved although the amino acid sequence is not well conserved. We further studied the theraputic potential of one selected TFPI-2 derived peptide (mouse) in a murine sepsis model.Hydrophobicity and net charge of many peptides play a important role in their host defence to invading bacterial pathogens. In vertebrates, the C-terminal portion of TFPI-2 consists of a highly conserved cluster of positively charged amino acids which may point to an antimicrobial activity. Thus a number of selected C-terminal TFPI-2 derived peptides from different species were synthesized and it was found that all of them exert antimicrobial activity against E. coli and P. aeruginosa. The peptide-mediated killing of E. coli was enhanced in human plasma, suggesting an involvement of the classical pathway of the complement. Under in vitro conditions the peptides displayed anti-coagulant activity by modulating the intrinsic pathway of coagulation and in vivo treatment with the mouse derived VKG24 peptide protects mice from an otherwise lethal LPS shock model.Our results suggest that the evolutionary conserved C-terminal part of TFPI-2 is an interesting agent for the development of novel antimicrobial therapies."
  ],
  "affiliation": [
    "Division of Respiratory Medicine and Allergology, Lund University, Lund, Sweden."
  ],
  "language": [
    "eng"
  ],
  "pubModel": [
    "Electronic"
  ],
  "pubTypeList": [
    {
      "pubType": [
        "Journal Article"
      ]
    }
  ],
  "keywordList": [
    {
      "keyword": [
        "Evolution",
        "Complement",
        "Peptide",
        "Antimicrobial",
        "Coagulation",
        "Sepsis",
        "vertebrates",
        "Tfpi-2"
      ]
    }
  ],
  "subsetList": [
    {
      "subset": [
        {
          "code": [
            "IM"
          ],
          "name": [
            "Index Medicus"
          ]
        }
      ]
    }
  ],
  "fullTextUrlList": [
    {
      "fullTextUrl": [
        {
          "availability": [
            "Open access"
          ],
          "availabilityCode": [
            "OA"
          ],
          "documentStyle": [
            "pdf"
          ],
          "site": [
            "Europe_PMC"
          ],
          "url": [
            "http://europepmc.org/articles/PMC4924314?pdf=render"
          ]
        },
        {
          "availability": [
            "Open access"
          ],
          "availabilityCode": [
            "OA"
          ],
          "documentStyle": [
            "html"
          ],
          "site": [
            "Europe_PMC"
          ],
          "url": [
            "http://europepmc.org/articles/PMC4924314"
          ]
        },
        {
          "availability": [
            "Subscription required"
          ],
          "availabilityCode": [
            "S"
          ],
          "documentStyle": [
            "doi"
          ],
          "site": [
            "DOI"
          ],
          "url": [
            "http://dx.doi.org/10.1186/s12866-016-0750-3"
          ]
        }
      ]
    }
  ],
  "isOpenAccess": [
    "Y"
  ],
  "inEPMC": [
    "Y"
  ],
  "inPMC": [
    "N"
  ],
  "hasPDF": [
    "Y"
  ],
  "hasBook": [
    "N"
  ],
  "hasSuppl": [
    "N"
  ],
  "citedByCount": [
    "0"
  ],
  "hasReferences": [
    "Y"
  ],
  "hasTextMinedTerms": [
    "Y"
  ],
  "hasDbCrossReferences": [
    "N"
  ],
  "hasLabsLinks": [
    "Y"
  ],
  "license": [
    "cc by"
  ],
  "epmcAuthMan": [
    "N"
  ],
  "hasTMAccessionNumbers": [
    "N"
  ],
  "dateOfCreation": [
    "2016-06-28"
  ],
  "dateOfRevision": [
    "2016-06-30"
  ],
  "electronicPublicationDate": [
    "2016-06-27"
  ],
  "firstPublicationDate": [
    "2016-06-27"
  ]
}